Division,Name,Opinion
Sales,Smith,amazed
Sales,Johnson,attractive
Marketing,Williams,bold
Marketing,Brown,good
Accounting ,Jones,good
Accounting ,Garcia,good
Engineering,Miller,good
Engineering,Davis,good
Product Managmement,Rodriguez,good
Product Managmement,Martinez,good
IT,Hernandez,good
IT,Lopez,good
Engineering,Gonzalez,good
Engineering,Wilson,proud
Engineering,Anderson,wonderful
Engineering,Thomas,aggravated
Leadership,Taylor,awful
Marketing,Moore,chilly
Sales,Jackson,dejected
Sales,Martin,dirty
Sales,Lee,dreadful
Sales,Perez,heavy
Marketing,Thompson,irritated
Marketing,White,pessimistic
Accounting ,Harris,easygoing
Accounting ,Sanchez,tense
Engineering,Clark,terrible
Engineering,Ramirez,tired
Product Managmement,Lewis,ugly
Product Managmement,Robinson,weak
IT,Walker,anxious
IT,Young,awestruck
Engineering,Allen,bashful
Engineering,King,cautious
Engineering,Wright,composed
Engineering,Scott,easygoing
Leadership,Torres,horrified
Marketing,Nguyen,intelligent
Sales,Hill,numb
Sales,Flores,puzzled
Sales,Green,quizzical
Sales,Adams,ravenous
Marketing,Nelson,reluctant
Marketing,Baker,settled
Accounting ,Hall,shy
Accounting ,Rivera,amazed
Engineering,Campbell,attractive
Engineering,Mitchell,bold
Product Managmement,Carter,brave
Product Managmement,Roberts,bubbly
IT,Gomez,cheerful
IT,Phillips,comfortable
Engineering,Evans,delightful
Engineering,Turner,excited
Engineering,Diaz,festive
Engineering,Parker,free
Leadership,Cruz,jolly
Marketing,Edwards,optimistic
Sales,Collins,proud
Sales,Reyes,wonderful
Sales,Stewart,aggravated
Sales,Morris,awful
Marketing,Morales,chilly
Marketing,Murphy,dejected
Accounting ,Cook,dirty
Accounting ,Rogers,dreadful
Engineering,Gutierrez,heavy
Engineering,Ortiz,irritated
Product Managmement,Morgan,pessimistic
Product Managmement,Cooper,easygoing
IT,Peterson,tense
IT,Bailey,terrible
Engineering,Reed,tired
Engineering,Kelly,ugly
Engineering,Howard,weak
Engineering,Ramos,anxious
Leadership,Kim,awestruck
Marketing,Cox,bashful
Sales,Ward,cautious
Sales,Richardson,composed
Sales,Watson,easygoing
Sales,Brooks,good
Marketing,Chavez,good
Marketing,Wood,good
Accounting ,James,good
Accounting ,Bennett,good
Engineering,Gray,ravenous
Engineering,Mendoza,reluctant
Product Managmement,Ruiz,settled
Product Managmement,Hughes,shy
IT,Price,tense
IT,Alvarez,terrible
Engineering,Castillo,tired
Engineering,Sanders,ugly
Engineering,Patel,weak
Engineering,Myers,anxious
Leadership,Long,awestruck
Marketing,Ross,bashful
Sales,Foster,cautious
Sales,Jimenez,composed
Sales,Powell,easygoing
Sales,Jenkins,horrified
Marketing,Perry,intelligent
Marketing,Russell,numb
Accounting ,Sullivan,puzzled
Accounting ,Bell,quizzical
Engineering,Coleman,ravenous
Engineering,Butler,reluctant
Product Managmement,Henderson,settled
Product Managmement,Barnes,shy
IT,Gonzales,amazed
IT,Fisher,attractive
Engineering,Vasquez,bold
Engineering,Simmons,brave
Engineering,Romero,bubbly
Engineering,Jordan,cheerful
Leadership,Patterson,comfortable
Marketing,Alexander,delightful
Sales,Hamilton,excited
Sales,Graham,festive
Sales,Reynolds,free
Sales,Griffin,jolly
Marketing,Wallace,optimistic
Marketing,Moreno,proud
Accounting ,West,good
Accounting ,Cole,good
Engineering,Hayes,good
Engineering,Bryant,good
Product Managmement,Herrera,good
Product Managmement,Gibson,good
IT,Ellis,good
IT,Tran,horrified
Engineering,Medina,intelligent
Engineering,Aguilar,numb
Engineering,Stevens,puzzled
Engineering,Murray,quizzical
Leadership,Ford,ravenous
Marketing,Castro,reluctant
Sales,Marshall,settled
Sales,Owens,awestruck
Sales,Harrison,bashful
Sales,Fernandez,cautious
Marketing,Mcdonald,composed
Marketing,Woods,easygoing
Accounting ,Washington,horrified
Accounting ,Kennedy,intelligent
Engineering,Wells,numb
Engineering,Vargas,puzzled
Product Managmement,Henry,quizzical
Product Managmement,Chen,ravenous
IT,Freeman,reluctant
IT,Webb,settled
Engineering,Tucker,shy
Engineering,Guzman,amazed
Engineering,Burns,attractive
Engineering,Crawford,bold
Leadership,Olson,brave
Marketing,Simpson,bubbly
Sales,Porter,cheerful
Sales,Hunter,comfortable
Sales,Gordon,delightful
Sales,Mendez,excited
Marketing,Silva,festive
Marketing,Shaw,free
Accounting ,Snyder,jolly
Accounting ,Mason,optimistic
Engineering,Dixon,proud
Engineering,Munoz,weak
Product Managmement,Hunt,anxious
Product Managmement,Hicks,awestruck
IT,Holmes,bashful
IT,Palmer,cautious
Engineering,Wagner,composed
Engineering,Black,easygoing
Engineering,Robertson,horrified
Engineering,Boyd,intelligent
Leadership,Rose,good
Marketing,Stone,good
Sales,Salazar,good
Sales,Fox,good
Sales,Warren,good
Sales,Mills,settled
Marketing,Meyer,amazed
Marketing,Rice,attractive
Accounting ,Schmidt,bold
Accounting ,Garza,brave
Engineering,Daniels,bubbly
Engineering,Ferguson,cheerful
Product Managmement,Nichols,comfortable
Product Managmement,Stephens,delightful
IT,Soto,excited
IT,Weaver,festive
Engineering,Ryan,free
Engineering,Gardner,jolly
Engineering,Payne,optimistic
Engineering,Grant,proud
Leadership,Dunn,wonderful
Marketing,Kelley,aggravated
Sales,Spencer,awful
Sales,Hawkins,chilly
Sales,Arnold,dejected
Sales,Pierce,dirty
Marketing,Vazquez,dreadful
Marketing,Hansen,amazed
Accounting ,Peters,attractive
Accounting ,Santos,bold
Engineering,Hart,brave
Engineering,Bradley,bubbly
Product Managmement,Knight,cheerful
Product Managmement,Elliott,comfortable
IT,Cunningham,delightful
IT,Duncan,excited
Engineering,Armstrong,festive
Engineering,Hudson,free
Engineering,Carroll,jolly
Engineering,Lane,optimistic
Leadership,Riley,proud
Marketing,Andrews,wonderful
Sales,Alvarado,aggravated
Sales,Ray,awful
Sales,Delgado,chilly
Sales,Berry,dejected
Marketing,Perkins,dirty
Marketing,Hoffman,dreadful
Accounting ,Johnston,amazed
Accounting ,Matthews,attractive
Engineering,Pena,bold
Engineering,Richards,brave
Product Managmement,Contreras,bubbly
Product Managmement,Willis,cheerful
IT,Carpenter,comfortable
IT,Lawrence,delightful
Engineering,Sandoval,excited
Engineering,Guerrero,festive
Engineering,George,free
Engineering,Chapman,good
Leadership,Rios,good
Marketing,Estrada,good
Sales,Ortega,good
Sales,Watkins,good
Sales,Greene,good
Sales,Nunez,chilly
Marketing,Wheeler,dejected
Marketing,Valdez,dirty
Accounting ,Harper,dreadful
Accounting ,Burke,heavy
Engineering,Larson,irritated
Engineering,Santiago,pessimistic
Product Managmement,Maldonado,easygoing
Product Managmement,Morrison,tense
IT,Franklin,terrible
IT,Carlson,tired
Engineering,Austin,ugly
Engineering,Dominguez,weak
Engineering,Carr,anxious
Engineering,Lawson,awestruck
Leadership,Jacobs,bashful
Marketing,Obrien,cautious
Sales,Lynch,composed
Sales,Singh,easygoing
Sales,Vega,horrified
Sales,Bishop,intelligent
Marketing,Montgomery,numb
Marketing,Oliver,puzzled
Accounting ,Jensen,quizzical
Accounting ,Harvey,ravenous
Engineering,Williamson,reluctant
Engineering,Gilbert,settled
Product Managmement,Dean,shy
Product Managmement,Sims,amazed
IT,Espinoza,attractive
IT,Howell,bold
Engineering,Li,brave
Engineering,Wong,bubbly
Engineering,Reid,cheerful
Engineering,Hanson,comfortable
Leadership,Le,delightful
Marketing,Mccoy,professional
Sales,Garrett,professional
Sales,Burton,professional
Sales,Fuller,professional
Sales,Wang,professional
Marketing,Weber,professional
Marketing,Welch,professional
Accounting ,Rojas,professional
Accounting ,Lucas,awful
Engineering,Marquez,chilly
Engineering,Fields,dejected
Product Managmement,Park,dirty
Product Managmement,Yang,dreadful
IT,Little,heavy
IT,Banks,irritated
Engineering,Padilla,pessimistic
Engineering,Day,easygoing
Engineering,Walsh,tense
Engineering,Bowman,terrible
Leadership,Schultz,tired
Marketing,Luna,ugly
Sales,Fowler,weak
Sales,Mejia,anxious
Sales,Davidson,awestruck
Sales,Acosta,amazed
Marketing,Brewer,attractive
Marketing,May,bold
Accounting ,Holland,brave
Accounting ,Juarez,bubbly
Engineering,Newman,cheerful
Engineering,Pearson,comfortable
Product Managmement,Curtis,delightful
Product Managmement,Cortez,excited
IT,Douglas,festive
IT,Schneider,free
Engineering,Joseph,jolly
Engineering,Barrett,optimistic
Engineering,Navarro,proud
Engineering,Figueroa,wonderful
Leadership,Keller,aggravated
Marketing,Avila,awful
Sales,Wade,chilly
Sales,Molina,dejected
Sales,Stanley,dirty
Sales,Hopkins,dreadful
Marketing,Campos,heavy
Marketing,Barnett,irritated
Accounting ,Bates,pessimistic
Accounting ,Chambers,easygoing
Engineering,Caldwell,tense
Engineering,Beck,terrible
Product Managmement,Lambert,tired
Product Managmement,Miranda,ugly
IT,Byrd,weak
IT,Craig,anxious
Engineering,Ayala,awestruck
Engineering,Lowe,bashful
Engineering,Frazier,cautious
Engineering,Powers,composed
Leadership,Neal,easygoing
Marketing,Leonard,horrified
Sales,Gregory,intelligent
Sales,Carrillo,numb
Sales,Sutton,puzzled
Sales,Fleming,quizzical
Marketing,Rhodes,ravenous
Marketing,Shelton,reluctant
Accounting ,Schwartz,settled
Accounting ,Norris,shy
Engineering,Jennings,amazed
Engineering,Watts,attractive
Product Managmement,Duran,bold
Product Managmement,Walters,brave
IT,Cohen,bubbly
IT,Mcdaniel,cheerful
Engineering,Moran,comfortable
Engineering,Parks,professional
Engineering,Steele,professional
Engineering,Vaughn,professional
Leadership,Becker,professional
Marketing,Holt,professional
Sales,Deleon,professional
Sales,Barker,professional
Sales,Terry,professional
Sales,Hale,professional
Marketing,Leon,awful
Marketing,Hail,chilly
Accounting ,Benson,dejected
Accounting ,Haynes,dirty
Engineering,Horton,dreadful
Engineering,Miles,heavy
Product Managmement,Lyons,irritated
Product Managmement,Pham,pessimistic
IT,Graves,tearful
IT,Bush,tense
Engineering,Thornton,terrible
Engineering,Wolfe,tired
Engineering,Warner,ugly
Engineering,Cabrera,weak
Leadership,Mckinney,anxious
Marketing,Mann,awestruck
Sales,Zimmerman,bashful
Sales,Dawson,cautious
Sales,Lara,composed
Sales,Fletcher,easygoing
Marketing,Page,horrified
Marketing,Mccarthy,intelligent
Accounting ,Love,numb
Accounting ,Robles,puzzled
Engineering,Cervantes,quizzical
Engineering,Solis,ravenous
Product Managmement,Erickson,reluctant
Product Managmement,Reeves,settled
IT,Chang,easygoing
IT,Klein,tense
Engineering,Salinas,terrible
Engineering,Fuentes,tired
Engineering,Baldwin,ugly
Engineering,Daniel,weak
Leadership,Simon,anxious
Marketing,Velasquez,awestruck
Sales,Hardy,bashful
Sales,Higgins,cautious
Sales,Aguirre,composed
Sales,Lin,easygoing
Marketing,Cummings,horrified
Marketing,Chandler,intelligent
Accounting ,Sharp,numb
Accounting ,Barber,puzzled
Engineering,Bowen,quizzical
Engineering,Ochoa,ravenous
Product Managmement,Dennis,reluctant
Product Managmement,Robbins,settled
IT,Liu,easygoing
IT,Ramsey,amazed
Engineering,Francis,attractive
Engineering,Griffith,bold
Engineering,Paul,brave
Engineering,Blair,bubbly
Leadership,Oconnor,cheerful
Marketing,Cardenas,comfortable
Sales,Pacheco,delightful
Sales,Cross,excited
Sales,Calderon,festive
Sales,Quinn,free
Marketing,Moss,jolly
Marketing,Swanson,optimistic
Accounting ,Chan,proud
Accounting ,Rivas,weak
Engineering,Khan,anxious
Engineering,Rodgers,awestruck
Product Managmement,Serrano,bashful
Product Managmement,Fitzgerald,cautious
IT,Rosales,composed
IT,Stevenson,easygoing
Engineering,Christensen,horrified
Engineering,Manning,intelligent
Engineering,Gill,numb
Engineering,Curry,puzzled
Leadership,Mclaughlin,quizzical
Marketing,Harmon,ravenous
Sales,Mcgee,reluctant
Sales,Gross,settled
Sales,Doyle,awestruck
Sales,Garner,bashful
Marketing,Newton,cautious
Marketing,Burgess,composed
Accounting ,Reese,easygoing
Accounting ,Walton,horrified
Engineering,Blake,intelligent
Engineering,Trujillo,numb
Product Managmement,Adkins,puzzled
Product Managmement,Brady,quizzical
IT,Goodman,ravenous
IT,Roman,reluctant
Engineering,Webster,settled
Engineering,Goodwin,easygoing
Engineering,Fischer,amazed
Engineering,Huang,attractive
Leadership,Potter,bold
Marketing,Delacruz,professional
Sales,Montoya,professional
Sales,Todd,professional
Sales,Wu,professional
Sales,Hines,professional
Marketing,Mullins,excited
Marketing,Castaneda,festive
Accounting ,Malone,free
Accounting ,Cannon,jolly
Engineering,Tate,optimistic
Engineering,Mack,proud
Product Managmement,Sherman,weak
Product Managmement,Hubbard,anxious
IT,Hodges,awestruck
IT,Zhang,bashful
Engineering,Guerra,cautious
Engineering,Wolf,composed
Engineering,Valencia,easygoing
Engineering,Saunders,horrified
Leadership,Franco,intelligent
Marketing,Rowe,numb
Sales,Gallagher,puzzled
Sales,Farmer,quizzical
Sales,Hammond,ravenous
Sales,Hampton,reluctant
Marketing,Townsend,settled
Marketing,Ingram,amazed
Accounting ,Wise,attractive
Accounting ,Gallegos,bold
Engineering,Clarke,brave
Engineering,Barton,bubbly
Product Managmement,Schroeder,cheerful
Product Managmement,Maxwell,comfortable
IT,Waters,delightful
IT,Logan,excited
Engineering,Camacho,festive
Engineering,Strickland,free
Engineering,Norman,jolly
Engineering,Person,optimistic
Leadership,Colon,proud
Marketing,Parsons,wonderful
Sales,Frank,aggravated
Sales,Harrington,professional
Sales,Glover,professional
Sales,Osborne,professional
Marketing,Buchanan,professional
Marketing,Casey,dreadful
Accounting ,Floyd,amazed
Accounting ,Patton,attractive
Engineering,Ibarra,bold
Engineering,Ball,brave
Product Managmement,Tyler,bubbly
Product Managmement,Suarez,cheerful
IT,Bowers,comfortable
IT,Orozco,delightful
Engineering,Salas,excited
Engineering,Cobb,festive
Engineering,Gibbs,free
Engineering,Andrade,jolly
Leadership,Bauer,optimistic
Marketing,Conner,proud
Sales,Moody,wonderful
Sales,Escobar,aggravated
Sales,Mcguire,awful
Sales,Lloyd,chilly
Marketing,Mueller,dejected
Marketing,Hartman,dirty
Accounting ,French,dreadful
Accounting ,Kramer,amazed
Engineering,Mcbride,attractive
Engineering,Pope,bold
Product Managmement,Lindsey,brave
Product Managmement,Velazquez,bubbly
IT,Norton,fair
IT,Mccormick,fair
Engineering,Sparks,fair
Engineering,Flynn,fair
Engineering,Yates,fair
Engineering,Hogan,fair
Leadership,Marsh,jolly
Marketing,Macias,optimistic
Sales,Villanueva,proud
Sales,Zamora,wonderful
Sales,Pratt,aggravated
Sales,Stokes,awful
Marketing,Owen,chilly
Marketing,Ballard,dejected
Accounting ,Lang,dirty
Accounting ,Brock,dreadful
Engineering,Villarreal,heavy
Engineering,Charles,irritated
Product Managmement,Drake,pessimistic
Product Managmement,Barrera,tearful
IT,Cain,tense
IT,Patrick,terrible
Engineering,Pineda,tired
Engineering,Burnett,ugly
Engineering,Mercado,weak
Engineering,Santana,anxious
Leadership,Shepherd,awestruck
Marketing,Bautista,bashful
Sales,Ali,cautious
Sales,Shaffer,composed
Sales,Lamb,easygoing
Sales,Trevino,horrified
Marketing,Mckenzie,intelligent
Marketing,Hess,numb
Accounting ,Beil,puzzled
Accounting ,Olsen,quizzical
Engineering,Cochran,ravenous
Engineering,Morton,reluctant
Product Managmement,Nash,settled
Product Managmement,Wilkins,easygoing
IT,Petersen,amazed
IT,Briggs,attractive
Engineering,Shah,bold
Engineering,Roth,brave
Engineering,Nicholson,bubbly
Engineering,Holloway,cheerful
Leadership,Lozano,comfortable
Marketing,Rangel,delightful
Sales,Flowers,excited
Sales,Hoover,festive
Sales,Short,free
Sales,Arias,jolly
Marketing,Mora,optimistic
Marketing,Valenzuela,proud
Accounting ,Bryan,wonderful
Accounting ,Meyers,aggravated
Engineering,Weiss,awful
Engineering,Underwood,chilly
Product Managmement,Bass,dejected
Product Managmement,Greer,dirty
IT,Summers,dreadful
IT,Houston,heavy
Engineering,Carson,irritated
Engineering,Morrow,pessimistic
Engineering,Clayton,tearful
Engineering,Whitaker,tense
Leadership,Decker,terrible
Marketing,Yoder,tired
Sales,Collier,awestruck
Sales,Zuniga,weak
Sales,Carey,anxious
Sales,Wilcox,awestruck
Marketing,Melendez,fair
Marketing,Poole,fair
Accounting ,Roberson,fair
Accounting ,Larsen,fair
Engineering,Conley,awestruck
Engineering,Davenport,fair
Product Managmement,Copeland,fair
Product Managmement,Massey,delightful
IT,Lam,excited
IT,Huff,festive
Engineering,Rocha,free
Engineering,Cameron,jolly
Engineering,Jefferson,optimistic
Engineering,Hood,proud
Leadership,Monroe,wonderful
Marketing,Anthony,aggravated
Sales,Pittman,awful
Sales,Huynh,chilly
Sales,Randall,dejected
Sales,Singleton,dirty
Marketing,Kirk,dreadful
Marketing,Combs,heavy
Accounting ,Mathis,irritated
Accounting ,Christian,pessimistic
Engineering,Skinner,tearful
Engineering,Bradford,tense
Product Managmement,Richard,terrible
Product Managmement,Galvan,tired
IT,Wall,fair
IT,Boone,fair
Engineering,Kirby,fair
Engineering,Wilkinson,fair
Engineering,Bridges,fair
Engineering,Bruce,fair
Leadership,Atkinson,fair
Marketing,Velez,fair
Sales,Meza,horrified
Sales,Roy,intelligent
Sales,Vincent,numb
Sales,York,puzzled
Marketing,Hodge,quizzical
Marketing,Villa,ravenous
Accounting ,Abbott,reluctant
Accounting ,Allison,settled
Engineering,Tapia,easygoing
Engineering,Gates,amazed
Product Managmement,Chase,attractive
Product Managmement,Sosa,bold
IT,Sweeney,brave
IT,Farrell,bubbly
Engineering,Wyatt,cheerful
Engineering,Dalton,comfortable
Engineering,Horn,delightful
Engineering,Barron,excited
Leadership,Phelps,festive
Marketing,Yu,free
Sales,Dickerson,jolly
Sales,Heath,optimistic
Sales,Foley,proud
Sales,Atkins,wonderful
Marketing,Mathews,aggravated
Marketing,Bonilla,awful
Accounting ,Acevedo,chilly
Accounting ,Benitez,dejected
Engineering,Zavala,fair
Engineering,Hensley,fair
Product Managmement,Glenn,fair
Product Managmement,Cisneros,fair
IT,Harrell,fair
IT,Shields,fair
Engineering,Rubio,fair
Engineering,Huffman,fair
Engineering,Choi,fair
Engineering,Boyer,ugly
Leadership,Garrison,awestruck
Marketing,Arroyo,anxious
Sales,Bond,awestruck
Sales,Kane,bashful
Sales,Hancock,cautious
Sales,Callahan,composed
Marketing,Dillon,easygoing
Marketing,Cline,horrified
Accounting ,Wiggins,intelligent
Accounting ,Grimes,numb
Engineering,Arellano,puzzled
Engineering,Melton,quizzical
Product Managmement,Oneill,ravenous
Product Managmement,Savage,reluctant
IT,Ho,settled
IT,Beltran,shy
Engineering,Pitts,tense
IT,Parrish,terrible
Engineering,Ponce,tired
Engineering,Rich,ugly
Leadership,Booth,awestruck
Marketing,Koch,anxious
Sales,Golden,awestruck
Sales,Ware,bashful
Sales,Brennan,cautious
Sales,Mcdowell,composed
Marketing,Marks,easygoing
Marketing,Cantu,horrified
Accounting ,Humphrey,intelligent
Accounting ,Baxter,numb
Engineering,Sawyer,puzzled
Engineering,Clay,quizzical
Product Managmement,Tanner,ravenous
Product Managmement,Hutchinson,reluctant
IT,Kaur,settled
IT,Berg,shy
Engineering,Wiley,amazed
Engineering,Gilmore,attractive
Engineering,Russo,bold
Engineering,Villegas,brave
Leadership,Hobbs,bubbly
Marketing,Keith,cheerful
Sales,Wilkerson,comfortable
Sales,Ahmed,delightful
Sales,Beard,excited
Sales,Mcclain,festive
Marketing,Montes,free
Marketing,Mata,jolly
Accounting ,Rosario,optimistic
Accounting ,Vang,proud
Engineering,Walter,weak
Engineering,Henson,anxious
Product Managmement,Oneal,awestruck
Product Managmement,Mosley,bashful
IT,Mcclure,cautious
IT,Beasley,composed
IT,Stephenson,easygoing
Engineering,Snow,horrified
Engineering,Huerta,intelligent
Engineering,Preston,numb
Leadership,Vance,puzzled
Marketing,Barry,quizzical
Sales,Johns,ravenous
IT,Eaton,reluctant
Sales,Blackwell,settled
Sales,Dyer,awestruck
Marketing,Prince,bashful
Marketing,Macdonald,cautious
Accounting ,Solomon,composed
Accounting ,Guevara,easygoing
Engineering,Stafford,horrified
Engineering,English,intelligent
Product Managmement,Hurst,numb
Product Managmement,Woodard,puzzled
IT,Cortes,quizzical
IT,Shannon,ravenous
Engineering,Kemp,reluctant
Engineering,Nolan,settled
Engineering,Mccullough,shy
Engineering,Merritt,amazed
IT,Murillo,attractive
Marketing,Moon,bold
Sales,Salgado,brave
Sales,Strong,bubbly
Sales,Kline,cheerful
Sales,Cordova,comfortable
Marketing,Barajas,delightful
Marketing,Roach,excited
Accounting ,Rosas,festive
Accounting ,Winters,free
Engineering,Jacobson,jolly
Engineering,Lester,optimistic
Product Managmement,Knox,proud
Product Managmement,Bullock,weak
IT,Kerr,anxious
IT,Leach,awestruck
Engineering,Meadows,bashful
Engineering,Orr,cautious
Engineering,Davila,composed
Engineering,Whitehead,easygoing
Leadership,Pruitt,horrified
Marketing,Kent,intelligent
Sales,Conway,numb
Sales,Mckee,puzzled
Sales,Barr,quizzical
Sales,David,ravenous
Marketing,Dejesus,reluctant
Marketing,Marin,settled
Accounting ,Berger,amazed
Accounting ,Mcintyre,attractive
Engineering,Blankenship,bold
Engineering,Gaines,brave
Product Managmement,Palacios,bubbly
Product Managmement,Cuevas,cheerful
IT,Bartlett,comfortable
IT,Durham,delightful
Engineering,Dorsey,excited
Engineering,Mccall,festive
Engineering,Odonnell,free
Engineering,Stein,jolly
Leadership,Browning,optimistic
Marketing,Stout,proud
Sales,Lowery,wonderful
Sales,Sloan,aggravated
Sales,Mclean,awful
Sales,Hendricks,chilly
Marketing,Calhoun,dejected
Marketing,Sexton,dirty
Accounting ,Chung,dreadful
Accounting ,Gentry,amazed
Engineering,Hull,attractive
Engineering,Duarte,bold
Product Managmement,Ellison,brave
Product Managmement,Nielsen,bubbly
IT,Gillespie,cheerful
IT,Buck,comfortable
Engineering,Middleton,delightful
IT,Sellers,excited
Engineering,Leblanc,festive
Engineering,Esparza,free
Leadership,Hardin,jolly
Marketing,Bradshaw,optimistic
Sales,Mcintosh,proud
IT,Howe,wonderful
Sales,Livingston,aggravated
Sales,Frost,awful
Marketing,Glass,chilly
Marketing,Morse,dejected
Accounting ,Knapp,dirty
Accounting ,Herman,dreadful
Engineering,Stark,amazed
Engineering,Bravo,attractive
Product Managmement,Noble,bold
Product Managmement,Spears,brave
IT,Weeks,bubbly
IT,Corona,cheerful
Engineering,Frederick,comfortable
Engineering,Buckley,delightful
Engineering,Mcfarland,excited
Engineering,Hebert,festive
IT,Enriquez,free
Marketing,Hickman,jolly
Sales,Quintero,optimistic
Sales,Randolph,proud
Sales,Schaefer,wonderful
Sales,Walls,aggravated
Marketing,Trejo,awful
Marketing,House,chilly
Accounting ,Reilly,dejected
Accounting ,Pennington,dirty
IT,Michael,dreadful
Engineering,Conrad,heavy
Product Managmement,Giles,irritated
Product Managmement,Benjamin,pessimistic
IT,Crosby,tearful
IT,Fitzpatrick,tense
Engineering,Donovan,terrible
Engineering,Mays,tired
Engineering,Mahoney,ugly
Engineering,Valentine,weak
Leadership,Raymond,anxious
Marketing,Medrano,awestruck
Sales,Hahn,bashful
Sales,Mcmillan,cautious
Sales,Small,composed
IT,Bentley,easygoing
Marketing,Felix,horrified
Marketing,Peck,intelligent
Accounting ,Lucero,numb
Accounting ,Boyle,puzzled
Engineering,Hanna,quizzical
Engineering,Pace,ravenous
IT,Rush,reluctant
Product Managmement,Hurley,settled
IT,Harding,shy
IT,Mcconnell,amazed
Engineering,Bernal,attractive
Engineering,Nava,bold
Engineering,Ayers,brave
Engineering,Everett,bubbly
Engineering,Ventura,cheerful
Marketing,Avery,comfortable
Sales,Pugh,delightful
Sales,Mayer,excited
Sales,Bender,festive
Engineering,Shepard,free
Marketing,Mcmahon,jolly
Marketing,Landry,optimistic
Accounting ,Case,proud
Accounting ,Sampson,wonderful
Engineering,Moses,aggravated
Engineering,Magana,awful
Engineering,Blackburn,chilly
Product Managmement,Dunlap,dejected
IT,Gould,dirty
IT,Duffy,dreadful
Engineering,Vaughan,easygoing
Engineering,Herring,irritated
Engineering,Mckay,pessimistic
Engineering,Espinosa,tearful
Engineering,Rivers,tense
Marketing,Farley,terrible
Sales,Bernard,tired
Sales,Ashley,ugly
Sales,Friedman,weak
Engineering,Potts,anxious
Marketing,Truong,awestruck
Marketing,Costa,amazed
Accounting ,Correa,attractive
Accounting ,Blevins,bold
Engineering,Nixon,brave
Engineering,Clements,bubbly
Product Managmement,Fry,cheerful
Engineering,Delarosa,comfortable
IT,Best,delightful
IT,Benton,excited
Engineering,Lugo,festive
Engineering,Portillo,free
Engineering,Dougherty,jolly
Engineering,Crane,optimistic
Marketing,Haley,proud
Marketing,Phan,wonderful
Sales,Villalobos,aggravated
Sales,Blanchard,awful
Sales,Horne,chilly
Sales,Finley,dejected
Marketing,Quintana,dirty
Marketing,Lynn,dreadful
Accounting ,Esquivel,easygoing
Accounting ,Bean,irritated
Engineering,Dodson,pessimistic
Engineering,Mullen,tearful
Product Managmement,Xiong,tense
Product Managmement,Hayden,terrible
IT,Cano,tired
IT,Levy,ugly
Engineering,Huber,weak
Engineering,Richmond,anxious
Engineering,Moyer,awestruck
Engineering,Lim,bashful
Leadership,Frye,cautious
Marketing,Sheppard,composed
Sales,Mccarty,easygoing
Sales,Avalos,horrified
Marketing,Booker,intelligent
Sales,Waller,numb
Marketing,Parra,puzzled
Marketing,Woodward,quizzical
Accounting ,Jaramillo,ravenous
Accounting ,Krueger,reluctant
Engineering,Rasmussen,settled
Engineering,Brandt,shy
Product Managmement,Peralta,amazed
Product Managmement,Donaldson,attractive
IT,Stuart,bold
IT,Faulkner,brave
Engineering,Maynard,bubbly
Engineering,Galindo,cheerful
Engineering,Coffey,comfortable
Engineering,Estes,delightful
Leadership,Sanford,excited
Marketing,Burch,festive
Sales,Maddox,free
Sales,Vo,jolly
Sales,Oconnell,optimistic
Sales,Vu,proud
Marketing,Andersen,wonderful
Marketing,Spence,aggravated
Accounting ,Mcpherson,awful
Accounting ,Church,chilly
Engineering,Schmitt,dejected
Engineering,Stanton,dirty
Product Managmement,Leal,dreadful
Product Managmement,Cherry,easygoing
IT,Compton,irritated
IT,Dudley,pessimistic
Engineering,Sierra,tearful
Engineering,Pollard,tense
Engineering,Alfaro,terrible
Engineering,Hester,tired
Marketing,Proctor,ugly
Marketing,Lu,weak
Sales,Hinton,anxious
Sales,Novak,awestruck
Sales,Good,bashful
Sales,Madden,cautious
Marketing,Mccann,composed
Marketing,Terrell,easygoing
Accounting ,Jarvis,horrified
Accounting ,Dickson,intelligent
Engineering,Reyna,numb
Engineering,Cantrell,puzzled
Product Managmement,Mayo,quizzical
Product Managmement,Branch,ravenous
IT,Hendrix,reluctant
IT,Rollins,settled
Engineering,Rowland,shy
Engineering,Whitney,tense
Engineering,Duke,terrible
Engineering,Odom,tired
Leadership,Daugherty,ugly
Marketing,Travis,weak
Sales,Tang,anxious
Sales,Archer,awestruck
